ID    , Epic                         , Story                                           , Priority   , Points
US-101, Appointment Management       , Book an appointment online                      , Must Have  ,      5
US-102, Appointment Management       , Reschedule an appointment                       , Should Have,      3
US-103, Appointment Management       , Cancel an appointment                           , Could Have ,      2
US-104, Appointment Management       , Receive SMS reminder 24 hours before appointment, Must Have  ,      5
US-105, Appointment Management       , Confirm or cancel via reminder text reply       , Should Have,      3
US-106, Appointment Management       , Provider calendar view of appointments          , Won't Have ,      5
US-201, Medication Adherence Tracking, Provider inputs medication schedule             , Should Have,      5
US-202, Medication Adherence Tracking, Receive medication reminder                     , Must Have  ,      5
US-203, Medication Adherence Tracking, Log medication as taken via reply               , Must Have  ,      3
US-204, Medication Adherence Tracking, Adherence dashboard for care coordinators       , Won't Have ,      8
US-301, Secure Provider Messaging    , Send secure message to provider                 , Must Have  ,      5
US-302, Secure Provider Messaging    , Provider replies to patient messages            , Should Have,      5
US-303, Secure Provider Messaging    , Push notification for message reply             , Could Have ,      3